                  epoch,             train/loss,  metrics/accuracy_top1,  metrics/accuracy_top5,               val/loss,                 lr/pg0,                 lr/pg1,                 lr/pg2
                      1,                0.35632,                0.92701,                      1,                0.40986,              0.0002368,              0.0002368,              0.0002368
                      2,                0.08398,                 0.9618,                      1,                0.36216,             0.00038079,             0.00038079,             0.00038079
                      3,                0.04306,                0.97794,                      1,                0.35033,             0.00043053,             0.00043053,             0.00043053
                      4,                0.02484,                 0.9518,                      1,                0.37194,             0.00028988,             0.00028988,             0.00028988
                      5,                0.02087,                0.96521,                      1,                0.34971,             0.00028988,             0.00028988,             0.00028988
