                  epoch,         train/box_loss,         train/cls_loss,         train/dfl_loss,   metrics/precision(B),      metrics/recall(B),       metrics/mAP50(B),    metrics/mAP50-95(B),           val/box_loss,           val/cls_loss,           val/dfl_loss,                 lr/pg0,                 lr/pg1,                 lr/pg2
                      1,                 1.1656,                   1.41,                  1.339,                0.83277,                 0.8683,                0.96107,                0.62327,                 1.1632,                 1.2676,                 1.3571,             0.00055458,             0.00055458,             0.00055458
                      2,                 1.0469,                 0.7748,                 1.2095,                0.97645,                0.95561,                0.98414,                0.72843,                0.93674,                0.52689,                 1.1853,             0.00089042,             0.00089042,             0.00089042
                      3,                0.99423,                0.62942,                 1.1731,                0.97366,                0.97234,                0.98786,                0.73902,                0.91938,                0.45657,                 1.1752,              0.0010062,              0.0010062,              0.0010062
                      4,                0.93675,                0.54338,                 1.1381,                0.98427,                0.96672,                0.98706,                  0.768,                0.84132,                0.39534,                 1.1266,              0.0006768,              0.0006768,              0.0006768
                      5,                0.91732,                0.52421,                 1.1315,                0.98009,                0.96899,                0.99284,                0.79686,                0.81116,                0.37215,                 1.0916,              0.0006768,              0.0006768,              0.0006768
